Id,SectionId,LevelName,Type,VideoUrl,DateIssued
1,1,Level 1,0,,1900-01-01 00:00:00.0000000
2,1,Jedi Force 1 of 3 Video,1,https://youtu.be/qBPBKt4ffF4,1900-01-01 00:00:00.0000000
3,1,Level 2,0,,1900-01-01 00:00:00.0000000
4,1,Level 3,0,,1900-01-01 00:00:00.0000000
5,1,Level 4,0,,1900-01-01 00:00:00.0000000
6,1,Level 5,0,,1900-01-01 00:00:00.0000000
7,1,Level 6,0,,1900-01-01 00:00:00.0000000
8,1,Level 7,0,,1900-01-01 00:00:00.0000000
9,2,Level 1,0,,1900-01-01 00:00:00.0000000
10,2,Parol Evidence Exceptions Video,1,https://youtu.be/J4lqGIdD6FI,1900-01-01 00:00:00.0000000
11,2,Level 2,0,,1900-01-01 00:00:00.0000000
12,2,Level 3,0,,1900-01-01 00:00:00.0000000
13,2,Level 4,0,,1900-01-01 00:00:00.0000000
14,2,Level 5,0,,1900-01-01 00:00:00.0000000
15,2,Level 6,0,,1900-01-01 00:00:00.0000000
16,2,Level 7,0,,1900-01-01 00:00:00.0000000
17,3,Level 1,0,,1900-01-01 00:00:00.0000000
18,3,2 FMR Video,1,https://youtu.be/Z6oghnVh1yM,1900-01-01 00:00:00.0000000
19,3,Level 2,0,,1900-01-01 00:00:00.0000000
20,3,Level 3,0,,1900-01-01 00:00:00.0000000
21,3,Level 4,0,,1900-01-01 00:00:00.0000000
22,3,Level 5,0,,1900-01-01 00:00:00.0000000
23,3,Level 6,0,,1900-01-01 00:00:00.0000000
24,3,Level 7,0,,1900-01-01 00:00:00.0000000
25,4,Level 1,0,,1900-01-01 00:00:00.0000000
26,4,Level 2,0,,1900-01-01 00:00:00.0000000
27,4,Level 3,0,,1900-01-01 00:00:00.0000000
28,4,Level 4,0,,1900-01-01 00:00:00.0000000
29,4,Level 5,0,,1900-01-01 00:00:00.0000000
30,4,Level 6,0,,1900-01-01 00:00:00.0000000
31,4,Level 7,0,,1900-01-01 00:00:00.0000000
32,5,Level 1,0,,1900-01-01 00:00:00.0000000
33,5,Level 2,0,,1900-01-01 00:00:00.0000000
34,5,Level 3,0,,1900-01-01 00:00:00.0000000
35,5,Level 4,0,,1900-01-01 00:00:00.0000000
36,5,Level 5,0,,1900-01-01 00:00:00.0000000
37,5,Level 6,0,,1900-01-01 00:00:00.0000000
38,5,Level 7,0,,1900-01-01 00:00:00.0000000
39,6,Level 1,0,,1900-01-01 00:00:00.0000000
40,6,Res Judicata & CA Primary Rights Doctrine Video,1,https://youtu.be/YrnY7UgjxS8,1900-01-01 00:00:00.0000000
41,6,Level 2,0,,1900-01-01 00:00:00.0000000
42,6,Collateral Estoppel AKA Issue Preclusion Video,1,https://youtu.be/E7IrnVB0eE0,1900-01-01 00:00:00.0000000
43,6,Level 3,0,,1900-01-01 00:00:00.0000000
44,6,Armo Class Action Video,1,https://youtu.be/9kSz977jxZo,1900-01-01 00:00:00.0000000
45,6,Level 4,0,,1900-01-01 00:00:00.0000000
46,6,Level 5,0,,1900-01-01 00:00:00.0000000
47,6,Level 6,0,,1900-01-01 00:00:00.0000000
48,6,Level 7,0,,1900-01-01 00:00:00.0000000
49,7,Level 1,0,,1900-01-01 00:00:00.0000000
50,7,Level 2,0,,1900-01-01 00:00:00.0000000
51,7,Level 3,0,,1900-01-01 00:00:00.0000000
52,7,Level 4,0,,1900-01-01 00:00:00.0000000
53,7,Level 5,0,,1900-01-01 00:00:00.0000000
54,7,Level 6,0,,1900-01-01 00:00:00.0000000
55,7,Level 7,0,,1900-01-01 00:00:00.0000000
56,8,Level 1,0,,1900-01-01 00:00:00.0000000
57,8,Rule Against Perpetuities Video,1,https://youtu.be/ekKBN6mG_D8,1900-01-01 00:00:00.0000000
58,8,Level 2,0,,1900-01-01 00:00:00.0000000
59,8,Level 3,0,,1900-01-01 00:00:00.0000000
60,8,Level 4,0,,1900-01-01 00:00:00.0000000
61,8,Level 5,0,,1900-01-01 00:00:00.0000000
62,8,Level 6,0,,1900-01-01 00:00:00.0000000
63,8,Level 7,0,,1900-01-01 00:00:00.0000000
80,11,Free Quizz,0,,1900-01-01 00:00:00.0000000
110,1,Jedi Force 2 of 3 Video,1,https://sanny-do.wistia.com/medias/wxoewm0cip,1900-01-01 00:00:00.0000000
111,1,Jedi Force 3 of 3 Video,1,https://youtu.be/kGDwsGLRXjM,1900-01-01 00:00:00.0000000
112,1,Drilling - Rogan & Goggins Video,1,https://youtu.be/F3DnlglzBjI,1900-01-01 00:00:00.0000000
113,1,SPL Video,1,https://youtu.be/0yBHaktRK18,1900-01-01 00:00:00.0000000
114,1,Assistant to Writer EMAIL Privacy Question Video,1,https://www.youtube.com/watch?v=cTQGf4K5_t0,1900-01-01 00:00:00.0000000
115,1,Substantial Doubt v. False Statement - Fault - Defamation Video,1,https://www.youtube.com/watch?v=UfFAMj79VAA,1900-01-01 00:00:00.0000000
116,1,Nursery with only 1 Attendant for 20 kids Video,1,https://www.youtube.com/watch?v=Z-t_TbTYHKY,1900-01-01 00:00:00.0000000
200,2,Beware the Timer Bug Video,1,https://youtu.be/BeiuWReHmuk,1900-01-01 00:00:00.0000000
201,2,3 Question Review Video,1,https://youtu.be/srp683LOhR8,1900-01-01 00:00:00.0000000
203,2,MBE Dyno Tuning Video,1,https://youtu.be/FJiAoRBkFEI,1900-01-01 00:00:00.0000000
205,2,Condition Subsequent Video,1,https://www.youtube.com/watch?v=v6dhDPT_zBE,1900-01-01 00:00:00.0000000
207,2,Mailbox Rule on UCC and Bilateral Contract Video,1,https://www.youtube.com/watch?v=aNXMoZA266c,1900-01-01 00:00:00.0000000
208,2,Notification of Cure & Accepting before Perf Video,1,https://www.youtube.com/watch?v=k2aSXDVgFDM,1900-01-01 00:00:00.0000000
209,2,Waiver of a Condition Precedent Video,1,https://www.youtube.com/watch?v=gqmNpWt3l7M,1900-01-01 00:00:00.0000000
210,2,Anticipatory Breach - Brake Linings Video,1,https://www.youtube.com/watch?v=7YAIpr7lI1g,1900-01-01 00:00:00.0000000
211,2,Mutual Mistake with Legality of Selling Rifles Video,1,https://www.youtube.com/watch?v=5dkjy0Bq3fE,1900-01-01 00:00:00.0000000
212,2,Implied Revocation by Awareness of Sale Video,1,https://www.youtube.com/watch?v=QksAklCD22Y,1900-01-01 00:00:00.0000000
213,2,Letters not Acceptance of a Unilateral Offer Video,1,https://www.youtube.com/watch?v=T7wE_B8Ia5I,1900-01-01 00:00:00.0000000
214,2,Statutory Purpose in Contract Law Video,1,https://www.youtube.com/watch?v=xUlYD2F5JGM,1900-01-01 00:00:00.0000000
215,2,"Assign of Duties & Rights, FOB Video",1,https://www.youtube.com/watch?v=mV6NmVYkkE0,1900-01-01 00:00:00.0000000
216,2,Materiality in Battle of the Forms Video,1,https://www.youtube.com/watch?v=7CtQ0vSOYv8,1900-01-01 00:00:00.0000000
217,2,Two Underground Rock Qs Video,1,https://youtu.be/R7Ti4NEjYTI,1900-01-01 00:00:00.0000000
218,2,Honest doubt & knowing debt not owed Video,1,https://youtu.be/EsP3KtTQjOE,1900-01-01 00:00:00.0000000
219,2,3rd Party & Pre-Existing Duty Rule Video,1,https://youtu.be/neGBg4Ci6b8,1900-01-01 00:00:00.0000000
301,3,Essays Are Moving Target Video,1,https://youtu.be/wlTkHZL1eHY,1900-01-01 00:00:00.0000000
303,3,Case Summary Type Qs (Saferite) Video,1,https://www.youtube.com/watch?v=JWKHgLoe0is,1900-01-01 00:00:00.0000000
304,3,Receiving Stolen Property Video,1,https://youtu.be/CoXe3f4D-ac,1900-01-01 00:00:00.0000000
400,4,Pulling & Learning Rules from Drills Video,1,https://youtu.be/F9hxd5r1mQk,1900-01-01 00:00:00.0000000
401,4,Wire Interrogation Video,1,https://youtu.be/iqw8CM4i6DI,1900-01-01 00:00:00.0000000
403,4,HS & Parent 6th Video,1,https://youtu.be/M60QhpzM9Po,1900-01-01 00:00:00.0000000
404,4,Hung Juries & 13th Juror Video,1,https://youtu.be/6RHeSCl-aLM,1900-01-01 00:00:00.0000000
405,4,Conflict of Law in Crim Pro Video,1,https://youtu.be/P-b14ZaZHEA,1900-01-01 00:00:00.0000000
407,4,Alibi and Reasonable Doubt Video,1,https://www.youtube.com/watch?v=7DTOLPOs1-M,1900-01-01 00:00:00.0000000
409,4,Bruton and Aranda (CA) Video,1,https://www.youtube.com/watch?v=yRFx5NWezdE,1900-01-01 00:00:00.0000000
506,5,Conflict of Law in Con Law Video,1,https://youtu.be/P-b14ZaZHEA,1900-01-01 00:00:00.0000000
507,5,Sufficient v. Necessary - Independent & Adequate Video,1,https://youtu.be/yiEyuu5O6OU,1900-01-01 00:00:00.0000000
508,5,Ballot Issues are Fundamental to Democracy Video,1,https://www.youtube.com/watch?v=0PoeiZjxD6E,1900-01-01 00:00:00.0000000
509,5,Investigations & Recommendations to Congress Video,1,https://www.youtube.com/watch?v=IhRllS6RqaY,1900-01-01 00:00:00.0000000
510,5,Taxpayer Standing on EC Video,1,https://youtu.be/kOuYwT4vJIA,1900-01-01 00:00:00.0000000
511,5,Presentment Clause Video,1,https://youtu.be/9EjHy9lGkb0,1900-01-01 00:00:00.0000000
512,5,Taxes Widgets DCC Video,1,https://youtu.be/H-Kx15p5lnc,1900-01-01 00:00:00.0000000
601,6,The Final Judgment Rule Video,1,https://www.youtube.com/watch?v=PDjd_4KLXRk,1900-01-01 00:00:00.0000000
603,6,Improper Venue Video,1,https://www.youtube.com/watch?v=ltE5vuVNuko,1900-01-01 00:00:00.0000000
701,7,Statements for Medical Treatment Video,1,https://youtu.be/3nx_M8VTRTc,1900-01-01 00:00:00.0000000
703,7,MIMIC & Self Def Video,1,https://youtu.be/Z3c9qBEPilc,1900-01-01 00:00:00.0000000
704,7,Recorded Recollection & Public Records Video,1,https://youtu.be/Jv8oxCP-oZQ,1900-01-01 00:00:00.0000000
705,7,FRE 404b - CEC 1101 - Molineaux Witness Video,1,https://youtu.be/HBoKBYPOuyA,1900-01-01 00:00:00.0000000
707,7,Crim Conviction in Civil Case Video,1,https://www.youtube.com/watch?v=Y9ewsFcSF3k,1900-01-01 00:00:00.0000000
709,7,Judicial Notice (FRE and CEC) Video,1,https://www.youtube.com/watch?v=Gj5O70IR9hY,1900-01-01 00:00:00.0000000
801,8,Covenant Burden Running with Land Video,1,https://youtu.be/p9SSTTPVi5U,1900-01-01 00:00:00.0000000
803,8,Deed by Estoppel & Chain of Title Video,1,https://youtu.be/XXzWecBSt-M,1900-01-01 00:00:00.0000000
805,8,Marshaling Video,1,https://youtu.be/BRa6MMjXc90,1900-01-01 00:00:00.0000000
807,8,Statute CONVERTING JT to TiC Video,1,https://www.youtube.com/watch?v=C8Tc8MIws2Y,1900-01-01 00:00:00.0000000
809,8,Deed Delivery - CONTROL by Grantor Video,1,https://www.youtube.com/watch?v=pwYJXKkL7FU,1900-01-01 00:00:00.0000000
811,8,Recording Cutting off Rights - Race-Notice Video,1,https://www.youtube.com/watch?v=uhvpW8q_spo,1900-01-01 00:00:00.0000000
813,8,No BFP - Recording First - Race-Notice Video,1,https://www.youtube.com/watch?v=R2qiVSTBpbo,1900-01-01 00:00:00.0000000
1301,9,01 - Online Exams,1,https://youtu.be/TBNnQFHEyY4,1900-01-01 00:00:00.0000000
1302,9,02 - In-Person Exams,1,https://youtu.be/SRjnAgFye4Q,1900-01-01 00:00:00.0000000
1303,9,1 - BED 5-Layer Essays,1,https://sanny-do.wistia.com/medias/zaea3w2041,1900-01-01 00:00:00.0000000
1304,9,2 - 5-Layer Epiphany!,1,https://youtu.be/ZAc4B2GH5og,1900-01-01 00:00:00.0000000
1305,9,3 - Brianna Headers,1,https://youtu.be/JjsA9krYwrc,1900-01-01 00:00:00.0000000
1306,9,01 - Con Law,1,https://youtu.be/Fym4iA-jQiw,1900-01-01 00:00:00.0000000
1307,9,02 - Civ Pro,1,https://youtu.be/uMe0IzYQS38,1900-01-01 00:00:00.0000000
1308,9,03 - CA Civ Pro Distinctions,1,https://youtu.be/JJG-pvAedM4,1900-01-01 00:00:00.0000000
1309,9,04 - CA SLAPP,1,https://youtu.be/v3_d2No0tFE,1900-01-01 00:00:00.0000000
1310,9,05 - Wills & Trusts,1,https://youtu.be/-1UU3ajjUOk,1900-01-01 00:00:00.0000000
1311,9,06 - Interlineation Video,1,https://youtu.be/j7yJbTl_RZM,1900-01-01 00:00:00.0000000
1312,9,07 - Bus Assoc,1,https://youtu.be/AWQ6hVjYS14,1900-01-01 00:00:00.0000000
1313,9,08 - Fiduciary Duties,1,https://youtu.be/cQ02bKcaGjw,1900-01-01 00:00:00.0000000
1314,9,09 - Prof Resp,1,https://youtu.be/-AzCv4WGAQc,1900-01-01 00:00:00.0000000
1315,9,10 - CA Prof Resp Distinctions,1,https://youtu.be/iygAPTJn3Dw,1900-01-01 00:00:00.0000000
1316,9,11 - Crimes,1,https://youtu.be/hkoSxKwxcn8,1900-01-01 00:00:00.0000000
1317,9,12 - Evidence,1,https://youtu.be/2gv8HOF1kn8,1900-01-01 00:00:00.0000000
1318,9,13 - CA Evidence Distinctions,1,https://youtu.be/JfIZvGlBbDM,1900-01-01 00:00:00.0000000
1319,9,14 - Torts A,1,https://youtu.be/ms1nLVEJa6U,1900-01-01 00:00:00.0000000
1320,9,15 - Torts B,1,https://youtu.be/VYgceJMEOiA,1900-01-01 00:00:00.0000000
1321,9,16 - Remedies,1,https://youtu.be/c0OLIExZC9g,1900-01-01 00:00:00.0000000
1322,9,17 - Contracts,1,https://youtu.be/hmQc6vnwd9s,1900-01-01 00:00:00.0000000
1323,9,18 - Comm Prop,1,https://youtu.be/NVkc-VbSDKM,1900-01-01 00:00:00.0000000
1324,9,19 - Van Camp & Pereira,1,https://youtu.be/8DmXWQgZIpM,1900-01-01 00:00:00.0000000
1325,9,20 - Real Prop,1,https://youtu.be/fGC3tR9vjj8,1900-01-01 00:00:00.0000000
2073,9,2/21 - Q4 - Prof Resp,0,,1900-01-01 00:00:00.0000000
2074,9,2/21 - Q3 - Comm Prop,0,,1900-01-01 00:00:00.0000000
2075,9,2/21 - Q2 - Contr Rem,0,,1900-01-01 00:00:00.0000000
2076,9,2/21 - Q1 - CA Civ Evi,0,,1900-01-01 00:00:00.0000000
2077,9,11/20 - Q4 - Contract UCC,0,,1900-01-01 00:00:00.0000000
2078,9,11/20 - Q3 - Tort SPL,0,,1900-01-01 00:00:00.0000000
2079,9,11/20 - Q2 - Contract CL,0,,1900-01-01 00:00:00.0000000
2080,9,11/20 - Q1 - Crimes,0,,1900-01-01 00:00:00.0000000
2081,9,10/20 - Q5 - Contr Rem,0,,1900-01-01 00:00:00.0000000
2082,9,10/20 - Q4 - Crimes,0,,1900-01-01 00:00:00.0000000
2083,9,10/20 - Q3 - RP Adv Pos,0,,1900-01-01 00:00:00.0000000
2084,9,10/20 - Q2 - Corps,0,,1900-01-01 00:00:00.0000000
2085,9,10/20 - Q1 - Prof Resp,0,,1900-01-01 00:00:00.0000000
2086,9,6/20 - Q4 - Tort TTL,0,,1900-01-01 00:00:00.0000000
2087,9,6/20 - Q3 - Crim Law,0,,1900-01-01 00:00:00.0000000
2088,9,6/20 - Q2 - Contract UCC,0,,1900-01-01 00:00:00.0000000
2089,9,6/20 - Q1 - Tort Negl,0,,1900-01-01 00:00:00.0000000
2090,9,2/20 - Q5 - BA Partner,0,,1900-01-01 00:00:00.0000000
2091,9,2/20 - Q4 - CA Evi Crim,0,,1900-01-01 00:00:00.0000000
2092,9,2/20 - Q3 - Contracts CL,0,,1900-01-01 00:00:00.0000000
2093,9,2/20 - Q2 - Prof Resp,0,,1900-01-01 00:00:00.0000000
2094,9,2/20 - Q1 - Torts Def,0,,1900-01-01 00:00:00.0000000
2095,9,10/19 - Q4 - Crim Law,0,,1900-01-01 00:00:00.0000000
2096,9,10/19 - Q3 - Torts,0,,1900-01-01 00:00:00.0000000
2097,9,10/19 - Q2 - Contracts UCC,0,,1900-01-01 00:00:00.0000000
2098,9,10/19 - Q1 - Crim Law,0,,1900-01-01 00:00:00.0000000
2099,9,7/19 - Q5 - Contracts UCC,0,,1900-01-01 00:00:00.0000000
2100,9,7/19 - Q4 - Prof Resp,0,,1900-01-01 00:00:00.0000000
2101,9,7/19 - Q3 - Crim Pro & Law,0,,1900-01-01 00:00:00.0000000
2102,9,7/19 - Q2 - Con Law,0,,1900-01-01 00:00:00.0000000
2103,9,7/19 - Q1 - Fed Civ Pro,0,,1900-01-01 00:00:00.0000000
2104,9,6/19 - Q4 - Contracts,0,,1900-01-01 00:00:00.0000000
2105,9,6/19 - Q3 - Crim Law,0,,1900-01-01 00:00:00.0000000
2106,9,6/19 - Q2 - Contracts,0,,1900-01-01 00:00:00.0000000
2107,9,6/19 - Q1 - Torts,0,,1900-01-01 00:00:00.0000000
2108,9,2/19 - Q5 - Prof Resp,0,,1900-01-01 00:00:00.0000000
2109,9,2/19 - Q4 - Fed Evidence,0,,1900-01-01 00:00:00.0000000
2110,9,2/19 - Q3 - Real Property,0,,1900-01-01 00:00:00.0000000
2111,9,2/19 - Q2 - Torts,0,,1900-01-01 00:00:00.0000000
2112,9,"2/19 - Q1 - Wills, Trusts, CP",0,,1900-01-01 00:00:00.0000000
2113,9,10/18 - Q4 - Crim Law,0,,1900-01-01 00:00:00.0000000
2114,9,10/18 - Q3 - Torts,0,,1900-01-01 00:00:00.0000000
2115,9,10/18 - Q2 - Crim Law,0,,1900-01-01 00:00:00.0000000
2116,9,10/18 - Q1 - Contracts,0,,1900-01-01 00:00:00.0000000
2117,9,7/18 - Q5 - Con Law,0,,1900-01-01 00:00:00.0000000
2118,9,7/18 - Q4 - Comm Prop,0,,1900-01-01 00:00:00.0000000
2119,9,7/18 - Q3 - Prof Resp,0,,1900-01-01 00:00:00.0000000
2120,9,7/18 - Q2 - CA Evidence,0,,1900-01-01 00:00:00.0000000
2121,9,7/18 - Q1 - Contracts UCC,0,,1900-01-01 00:00:00.0000000
2122,9,6/18 - Q4 - Crim Law,0,,1900-01-01 00:00:00.0000000
2123,9,6/18 - Q3 - Contracts,0,,1900-01-01 00:00:00.0000000
2124,9,6/18 - Q2 - Torts Law Mal,0,,1900-01-01 00:00:00.0000000
2125,9,6/18 - Q1 - Contracts UCC,0,,1900-01-01 00:00:00.0000000
2126,9,2/18 - Q5 - Wills,0,,1900-01-01 00:00:00.0000000
2127,9,2/18 - Q4 - Crimes,0,,1900-01-01 00:00:00.0000000
2128,9,2/18 - Q3 - Real Prop,0,,1900-01-01 00:00:00.0000000
2129,9,2/18 - Q2 - Con Law,0,,1900-01-01 00:00:00.0000000
2130,9,2/18 - Q1 - PR & Contracts,0,,1900-01-01 00:00:00.0000000
2131,9,10/17 - Q4 - Torts,0,,1900-01-01 00:00:00.0000000
2132,9,10/17 - Q3 - Contracts UCC,0,,1900-01-01 00:00:00.0000000
2133,9,10/17 - Q2 - Crim Law,0,,1900-01-01 00:00:00.0000000
2134,9,10/17 - Q1 - Torts,0,,1900-01-01 00:00:00.0000000
2135,9,7/17 - Q5 - Torts,0,,1900-01-01 00:00:00.0000000
2136,9,7/17 - Q4 - CA Civ Pro,0,,1900-01-01 00:00:00.0000000
2137,9,7/17 - Q3 - Remedies,0,,1900-01-01 00:00:00.0000000
2138,9,7/17 - Q2 - Evidence & PR,0,,1900-01-01 00:00:00.0000000
2139,9,7/17 - Q1 - Comm Prop,0,,1900-01-01 00:00:00.0000000
2140,9,6/17 - Q4 - Torts,0,,1900-01-01 00:00:00.0000000
2141,9,6/17 - Q3 - Crim Law,0,,1900-01-01 00:00:00.0000000
2142,9,6/17 - Q2 - Crim Law,0,,1900-01-01 00:00:00.0000000
2143,9,6/17 - Q1 - Contracts UCC,0,,1900-01-01 00:00:00.0000000
2144,9,2/17 - Q6 - Crimes,0,,1900-01-01 00:00:00.0000000
2145,9,2/17 - Q5 - Prof Resp,0,,1900-01-01 00:00:00.0000000
2146,9,2/17 - Q4 - Bus Assoc,0,,1900-01-01 00:00:00.0000000
2147,9,2/17 - Q3 - Fed Evidence,0,,1900-01-01 00:00:00.0000000
2148,9,2/17 - Q2 - Tort Rem,0,,1900-01-01 00:00:00.0000000
2149,9,2/17 - Q1 - Wills,0,,1900-01-01 00:00:00.0000000
2150,9,10/16 - Q4 - Contracts,0,,1900-01-01 00:00:00.0000000
2151,9,10/16 - Q3 - Torts,0,,1900-01-01 00:00:00.0000000
2152,9,10/16 - Q2 - Contract UCC,0,,1900-01-01 00:00:00.0000000
2153,9,10/16 - Q1 - Crim Law,0,,1900-01-01 00:00:00.0000000
2154,9,7/16 - Q6 - Prof Resp,0,,1900-01-01 00:00:00.0000000
2155,9,7/16 - Q5 - Comm Prop,0,,1900-01-01 00:00:00.0000000
2156,9,7/16 - Q4 - Con Law,0,,1900-01-01 00:00:00.0000000
2157,9,7/16 - Q3 - Contracts,0,,1900-01-01 00:00:00.0000000
2158,9,7/16 - Q2 - Real Prop,0,,1900-01-01 00:00:00.0000000
2159,9,7/16 - Q1 - CA Civ Pro,0,,1900-01-01 00:00:00.0000000
2160,9,6/16 - Q4 - Tort Def,0,,1900-01-01 00:00:00.0000000
2161,9,6/16 - Q3 - Not Included,0,,1900-01-01 00:00:00.0000000
2162,9,6/16 - Q2 - Contract UCC,0,,1900-01-01 00:00:00.0000000
2163,9,6/16 - Q1 - Tort Negl,0,,1900-01-01 00:00:00.0000000
2164,9,2/16 - Q6 - Contracts UCC,0,,1900-01-01 00:00:00.0000000
2165,9,2/16 - Q5 - CA Evidence,0,,1900-01-01 00:00:00.0000000
2166,9,2/16 - Q4 - Contract Rem,0,,1900-01-01 00:00:00.0000000
2167,9,2/16 - Q3 - Prof Resp,0,,1900-01-01 00:00:00.0000000
2168,9,2/16 - Q2 - Int Torts,0,,1900-01-01 00:00:00.0000000
2169,9,2/16 - Q1 - Trusts,0,,1900-01-01 00:00:00.0000000
2170,9,10/15 - Q4 - Contract UCC,0,,1900-01-01 00:00:00.0000000
2171,9,10/15 - Q3 - Tort Animal,0,,1900-01-01 00:00:00.0000000
2172,9,10/15 - Q2 - Crim Law,0,,1900-01-01 00:00:00.0000000
2173,9,10/15 - Q1 - Contract CL,0,,1900-01-01 00:00:00.0000000
2174,9,7/15 - Q6 - Con Law Takings,0,,1900-01-01 00:00:00.0000000
2175,9,7/15 - Q5 - BA & PR,0,,1900-01-01 00:00:00.0000000
2176,9,7/15 - Q4 - Comm Prop,0,,1900-01-01 00:00:00.0000000
2177,9,7/15 - Q3 - Crim Pro,0,,1900-01-01 00:00:00.0000000
2178,9,7/15 - Q2 - Real Prop,0,,1900-01-01 00:00:00.0000000
2179,9,7/15 - Q1 - Fed Civ Pro,0,,1900-01-01 00:00:00.0000000
2180,9,6/15 - Q4 - Tort Def,0,,1900-01-01 00:00:00.0000000
2181,9,6/15 - Q3 - Tort Negl,0,,1900-01-01 00:00:00.0000000
2182,9,6/15 - Q2 - Contract CL,0,,1900-01-01 00:00:00.0000000
2183,9,6/15 - Q1 - Crim Law FMR,0,,1900-01-01 00:00:00.0000000
2184,9,2/15 - Q6 - Trusts,0,,1900-01-01 00:00:00.0000000
2185,9,2/15 - Q5 - Bus Assoc,0,,1900-01-01 00:00:00.0000000
2186,9,2/15 - Q4 - Prop Rem,0,,1900-01-01 00:00:00.0000000
2187,9,2/15 - Q3 - Fed Civ Pro,0,,1900-01-01 00:00:00.0000000
2188,9,2/15 - Q2 - Real Prop,0,,1900-01-01 00:00:00.0000000
2189,9,2/15 - Q1 - Contracts UCC,0,,1900-01-01 00:00:00.0000000
2190,9,10/14 - Q4 - Contract CL,0,,1900-01-01 00:00:00.0000000
2191,9,10/14 - Q3 - Crim Law,0,,1900-01-01 00:00:00.0000000
2192,9,10/14 - Q2 - Tort Res Ipsa,0,,1900-01-01 00:00:00.0000000
2193,9,10/14 - Q1 - Contract CL,0,,1900-01-01 00:00:00.0000000
2194,9,7/14 - Q6 - Torts Negl,0,,1900-01-01 00:00:00.0000000
2195,9,7/14 - Q5 - Trusts & Comm Prop,0,,1900-01-01 00:00:00.0000000
2196,9,7/14 - Q4 - Crim Pro,0,,1900-01-01 00:00:00.0000000
2197,9,7/14 - Q3 - PR & BA,0,,1900-01-01 00:00:00.0000000
2198,9,7/14 - Q2 - Fed Evidence,0,,1900-01-01 00:00:00.0000000
2199,9,7/14 - Q1 - Contract Rem,0,,1900-01-01 00:00:00.0000000
2200,9,6/14 - Q4 - Contract UCC,0,,1900-01-01 00:00:00.0000000
2201,9,6/14 - Q3 - Tort PL,0,,1900-01-01 00:00:00.0000000
2202,9,6/14 - Q2 - Crim Law,0,,1900-01-01 00:00:00.0000000
2203,9,6/14 - Q1 - Tort Nuis,0,,1900-01-01 00:00:00.0000000
2204,9,2/14 - Q6 - Remedies,0,,1900-01-01 00:00:00.0000000
2205,9,2/14 - Q5 - Con Law,0,,1900-01-01 00:00:00.0000000
2206,9,2/14 - Q4 - Property,0,,1900-01-01 00:00:00.0000000
2207,9,2/14 - Q3 - Fed Civ Pro,0,,1900-01-01 00:00:00.0000000
2208,9,2/14 - Q2 - Comm Prop,0,,1900-01-01 00:00:00.0000000
2209,9,2/14 - Q1 - Prof Resp,0,,1900-01-01 00:00:00.0000000
2210,9,10/13 - Q4 - Tort Nui,0,,1900-01-01 00:00:00.0000000
2211,9,10/13 - Q3 - Contract CL,0,,1900-01-01 00:00:00.0000000
2212,9,10/13 - Q2 - Crim Law,0,,1900-01-01 00:00:00.0000000
2213,9,10/13 - Q1 - Contract UCC,0,,1900-01-01 00:00:00.0000000
2214,9,7/13 - Q6 - Int Tort Rem,0,,1900-01-01 00:00:00.0000000
2215,9,7/13 - Q5 - Wills,0,,1900-01-01 00:00:00.0000000
2216,9,7/13 - Q4 - Contracts,0,,1900-01-01 00:00:00.0000000
2217,9,7/13 - Q3 - Comm Prop,0,,1900-01-01 00:00:00.0000000
2218,9,7/13 - Q2 - Con Law,0,,1900-01-01 00:00:00.0000000
2219,9,7/13 - Q1 - Prof Resp,0,,1900-01-01 00:00:00.0000000
2220,9,6/13 - Q4 - Crim Law,0,,1900-01-01 00:00:00.0000000
2221,9,6/13 - Q3 - Contract UCC,0,,1900-01-01 00:00:00.0000000
2222,9,6/13 - Q2 - Torts,0,,1900-01-01 00:00:00.0000000
2223,9,6/13 - Q1 - Crim Law,0,,1900-01-01 00:00:00.0000000
2224,9,2/13 - Q6 - Bus Assoc,0,,1900-01-01 00:00:00.0000000
2225,9,2/13 - Q5 - Fed Civ Pro,0,,1900-01-01 00:00:00.0000000
2226,9,2/13 - Q4 - Torts PL,0,,1900-01-01 00:00:00.0000000
2227,9,2/13 - Q3 - Tort Rem,0,,1900-01-01 00:00:00.0000000
2228,9,2/13 - Q2 - Prof Resp,0,,1900-01-01 00:00:00.0000000
2229,9,2/13 - Q1 - Crim Law,0,,1900-01-01 00:00:00.0000000
2230,9,10/12 - Q4 - Tort Negl,0,,1900-01-01 00:00:00.0000000
2231,9,10/12 - Q3 - Contract CL,0,,1900-01-01 00:00:00.0000000
2232,9,10/12 - Q2 - Crim Law,0,,1900-01-01 00:00:00.0000000
2233,9,10/12 - Q1 - Tort Negl,0,,1900-01-01 00:00:00.0000000
2234,9,7/12 - Q6 - Crimes,0,,1900-01-01 00:00:00.0000000
2235,9,7/12 - Q5 - Wills,0,,1900-01-01 00:00:00.0000000
2236,9,7/12 - Q4 - Contracts,0,,1900-01-01 00:00:00.0000000
2237,9,7/12 - Q3 - CA Evidence,0,,1900-01-01 00:00:00.0000000
2238,9,7/12 - Q2 - Comm Prop & PR,0,,1900-01-01 00:00:00.0000000
2239,9,7/12 - Q1 - Fed Civ Pro,0,,1900-01-01 00:00:00.0000000
2240,9,6/12 - Q4 - Crim Law,0,,1900-01-01 00:00:00.0000000
2241,9,6/12 - Q3 - Tort Def,0,,1900-01-01 00:00:00.0000000
2242,9,6/12 - Q2 - Crim Law,0,,1900-01-01 00:00:00.0000000
2243,9,6/12 - Q1 - Contract UCC,0,,1900-01-01 00:00:00.0000000
2244,9,2/12 - Q6 - Real Prop,0,,1900-01-01 00:00:00.0000000
2245,9,2/12 - Q5 - Prof Resp,0,,1900-01-01 00:00:00.0000000
2246,9,2/12 - Q4 - Bus Assoc,0,,1900-01-01 00:00:00.0000000
2247,9,2/12 - Q3 - Fed Evidence,0,,1900-01-01 00:00:00.0000000
2248,9,2/12 - Q2 - Con Law,0,,1900-01-01 00:00:00.0000000
2249,9,2/12 - Q1 - Trusts,0,,1900-01-01 00:00:00.0000000
2250,9,10/11 - Q4 - Tort Negl,0,,1900-01-01 00:00:00.0000000
2251,9,10/11 - Q3 - Contract PPR,0,,1900-01-01 00:00:00.0000000
2252,9,10/11 - Q2 - Crim Law,0,,1900-01-01 00:00:00.0000000
2253,9,10/11 - Q1 - Contract UCC,0,,1900-01-01 00:00:00.0000000
2254,9,7/11 - Q6 - Comm Prop,0,,1900-01-01 00:00:00.0000000
2255,9,7/11 - Q5 - Real Prop,0,,1900-01-01 00:00:00.0000000
2256,9,7/11 - Q4 - Prof Resp,0,,1900-01-01 00:00:00.0000000
2257,9,7/11 - Q3 - Contracts,0,,1900-01-01 00:00:00.0000000
2258,9,7/11 - Q2 - Fed Civ Pro,0,,1900-01-01 00:00:00.0000000
2259,9,7/11 - Q1 - Crim Law,0,,1900-01-01 00:00:00.0000000
2260,9,6/11 - Q4 - Crim Law,0,,1900-01-01 00:00:00.0000000
2261,9,6/11 - Q3 - Contract UCC,0,,1900-01-01 00:00:00.0000000
2262,9,6/11 - Q2 - Tort Nuis,0,,1900-01-01 00:00:00.0000000
2263,9,6/11 - Q1 - Crim Insanity,0,,1900-01-01 00:00:00.0000000
2264,9,2/11 - Q6 - CA Ev & Contract Rem,0,,1900-01-01 00:00:00.0000000
2265,9,2/11 - Q5 - Bus Assoc & PR,0,,1900-01-01 00:00:00.0000000
2266,9,2/11 - Q4 - Torts Negl,0,,1900-01-01 00:00:00.0000000
2267,9,2/11 - Q3 - Real Prop,0,,1900-01-01 00:00:00.0000000
2268,9,2/11 - Q2 - Con Law,0,,1900-01-01 00:00:00.0000000
2269,9,2/11 - Q1 - Wills,0,,1900-01-01 00:00:00.0000000
2270,9,10/10 - Q4 - Tort PL,0,,1900-01-01 00:00:00.0000000
2271,9,10/10 - Q3 - Crim Law,0,,1900-01-01 00:00:00.0000000
2272,9,10/10 - Q2 - Contract CL,0,,1900-01-01 00:00:00.0000000
2273,9,10/10 - Q1 - Tort Negl,0,,1900-01-01 00:00:00.0000000
2274,9,7/10 - Q6 - Comm Prop,0,,1900-01-01 00:00:00.0000000
2275,9,7/10 - Q5 - Crimes,0,,1900-01-01 00:00:00.0000000
2276,9,7/10 - Q4 - Bus Assoc,0,,1900-01-01 00:00:00.0000000
2277,9,7/10 - Q3 - CA Evidence,0,,1900-01-01 00:00:00.0000000
2278,9,7/10 - Q2 - Prof Resp,0,,1900-01-01 00:00:00.0000000
2279,9,7/10 - Q1 - Torts,0,,1900-01-01 00:00:00.0000000
2280,9,6/10 - Q4 - Tort Negl,0,,1900-01-01 00:00:00.0000000
2281,9,6/10 - Q3 - Contract UCC,0,,1900-01-01 00:00:00.0000000
2282,9,6/10 - Q2 - Crim Law,0,,1900-01-01 00:00:00.0000000
2283,9,6/10 - Q1 - Tort Negl,0,,1900-01-01 00:00:00.0000000
2284,9,2/10 - Q6 - Comm Prop,0,,1900-01-01 00:00:00.0000000
2285,9,2/10 - Q5 - Con Law & Prop,0,,1900-01-01 00:00:00.0000000
2286,9,2/10 - Q4 - Contract Rem,0,,1900-01-01 00:00:00.0000000
2287,9,2/10 - Q3 - Trusts,0,,1900-01-01 00:00:00.0000000
2288,9,2/10 - Q2 - BA & PR,0,,1900-01-01 00:00:00.0000000
2289,9,2/10 - Q1 - Contracts,0,,1900-01-01 00:00:00.0000000
2290,9,10/09 - Q4 - Tort Child,0,,1900-01-01 00:00:00.0000000
2291,9,10/09 - Q3 - Contract UCC,0,,1900-01-01 00:00:00.0000000
2292,9,10/09 - Q2 - Crim Law,0,,1900-01-01 00:00:00.0000000
2293,9,10/09 - Q1 - Tort Def,0,,1900-01-01 00:00:00.0000000
2294,9,7/09 - Q6 - Crim Pro,0,,1900-01-01 00:00:00.0000000
2295,9,"7/09 - Q5 - Rem, Civ & PR",0,,1900-01-01 00:00:00.0000000
2296,9,7/09 - Q4 - Con Law ICC,0,,1900-01-01 00:00:00.0000000
2297,9,7/09 - Q3 - CA Evidence,0,,1900-01-01 00:00:00.0000000
2298,9,7/09 - Q2 - Prof Resp,0,,1900-01-01 00:00:00.0000000
2299,9,"7/09 - Q1 - Torts, Civ Pro, PR",0,,1900-01-01 00:00:00.0000000
2300,9,6/09 - Q4 - Tort Def of Other,0,,1900-01-01 00:00:00.0000000
2301,9,6/09 - Q3 - Crim Law,0,,1900-01-01 00:00:00.0000000
2302,9,6/09 - Q2 - Contract UCC,0,,1900-01-01 00:00:00.0000000
2303,9,6/09 - Q1 - Tort FI,0,,1900-01-01 00:00:00.0000000
2304,9,2/09 - Q6 - Bus Assoc,0,,1900-01-01 00:00:00.0000000
2305,9,2/09 - Q5 - Contracts,0,,1900-01-01 00:00:00.0000000
2306,9,2/09 - Q4 - Torts Defam,0,,1900-01-01 00:00:00.0000000
2307,9,2/09 - Q3 - CA Evidence,0,,1900-01-01 00:00:00.0000000
2308,9,2/09 - Q2 - Fed Civ Pro,0,,1900-01-01 00:00:00.0000000
2309,9,2/09 - Q1 - Prof Resp,0,,1900-01-01 00:00:00.0000000
2310,9,10/08 - Q4 - Contracts CL,0,,1900-01-01 00:00:00.0000000
2311,9,10/08 - Q3 - Crim Law,0,,1900-01-01 00:00:00.0000000
2312,9,10/08 - Q2 - Tort Attr Nuis,0,,1900-01-01 00:00:00.0000000
2313,9,10/08 - Q1 - Contract UCC,0,,1900-01-01 00:00:00.0000000
2314,9,7/08 - Q6 - Wills & Comm Prop,0,,1900-01-01 00:00:00.0000000
2315,9,7/08 - Q5 - Real Prop,0,,1900-01-01 00:00:00.0000000
2316,9,7/08 - Q4 - Contract Rem,0,,1900-01-01 00:00:00.0000000
2317,9,7/08 - Q3 - Contracts,0,,1900-01-01 00:00:00.0000000
2318,9,7/08 - Q2 - Con Law Pres,0,,1900-01-01 00:00:00.0000000
2319,9,7/08 - Q1 - Prof Resp,0,,1900-01-01 00:00:00.0000000
2320,9,6/08 - Q4 - Tort Xfer Int,0,,1900-01-01 00:00:00.0000000
2321,9,6/08 - Q3 - Contract UCC,0,,1900-01-01 00:00:00.0000000
2322,9,6/08 - Q2 - Crim Law,0,,1900-01-01 00:00:00.0000000
2323,9,6/08 - Q1 - Tort PL,0,,1900-01-01 00:00:00.0000000
2324,9,2/08 - Q6 - BA & PR,0,,1900-01-01 00:00:00.0000000
2325,9,2/08 - Q5 - Comm Prop,0,,1900-01-01 00:00:00.0000000
2326,9,2/08 - Q4 - Trusts,0,,1900-01-01 00:00:00.0000000
2327,9,2/08 - Q3 - Crimes,0,,1900-01-01 00:00:00.0000000
2328,9,2/08 - Q2 - Prof Resp,0,,1900-01-01 00:00:00.0000000
2329,9,2/08 - Q1 - Torts,0,,1900-01-01 00:00:00.0000000
2330,9,10/07 - Q4 - Tort Negl,0,,1900-01-01 00:00:00.0000000
2331,9,10/07 - Q3 - Contract UCC,0,,1900-01-01 00:00:00.0000000
2332,9,10/07 - Q2 - Crim Law,0,,1900-01-01 00:00:00.0000000
2333,9,10/07 - Q1 - Tort SPL Child,0,,1900-01-01 00:00:00.0000000
2334,9,7/07 - Q6 - Comm Prop,0,,1900-01-01 00:00:00.0000000
2335,9,7/07 - Q5 - Contract Rem,0,,1900-01-01 00:00:00.0000000
2336,9,7/07 - Q4 - Crim & Con Law,0,,1900-01-01 00:00:00.0000000
2337,9,7/07 - Q3 - Fed Evidence,0,,1900-01-01 00:00:00.0000000
2338,9,7/07 - Q2 - Torts SPL,0,,1900-01-01 00:00:00.0000000
2339,9,7/07 - Q1 - Prop L/T,0,,1900-01-01 00:00:00.0000000
2340,9,6/07 - Q4 - Tort Fal Imp,0,,1900-01-01 00:00:00.0000000
2341,9,6/07 - Q3 - Contract CL Emp,0,,1900-01-01 00:00:00.0000000
2342,9,6/07 - Q2 - Crim Law,0,,1900-01-01 00:00:00.0000000
2343,9,6/07 - Q1 - Neg Per Se,0,,1900-01-01 00:00:00.0000000
2344,9,2/07 - Q6 - Fed Evidence,0,,1900-01-01 00:00:00.0000000
2345,9,2/07 - Q5 - Con Law Speech,0,,1900-01-01 00:00:00.0000000
2346,9,2/07 - Q4 - Wills & Comm Prop,0,,1900-01-01 00:00:00.0000000
2347,9,2/07 - Q3 - Crimes,0,,1900-01-01 00:00:00.0000000
2348,9,2/07 - Q2 - BA & PR,0,,1900-01-01 00:00:00.0000000
2349,9,2/07 - Q1 - Prop L/T,0,,1900-01-01 00:00:00.0000000
2350,9,10/06 - Q4 - Contract CL,0,,1900-01-01 00:00:00.0000000
2351,9,10/06 - Q3 - Tort Negl,0,,1900-01-01 00:00:00.0000000
2352,9,10/06 - Q2 - Crim Law,0,,1900-01-01 00:00:00.0000000
2353,9,10/06 - Q1 - Contract UCC,0,,1900-01-01 00:00:00.0000000
2354,9,7/06 - Q6 - Wills,0,,1900-01-01 00:00:00.0000000
2355,9,7/06 - Q5 - Prof Resp,0,,1900-01-01 00:00:00.0000000
2356,9,7/06 - Q4 - Bus Assoc,0,,1900-01-01 00:00:00.0000000
2357,9,7/06 - Q3 - Contracts,0,,1900-01-01 00:00:00.0000000
2358,9,7/06 - Q2 - Con Law,0,,1900-01-01 00:00:00.0000000
2359,9,7/06 - Q1 - Torts,0,,1900-01-01 00:00:00.0000000
2360,9,6/06 - Q4 - Tort PL,0,,1900-01-01 00:00:00.0000000
2361,9,6/06 - Q3 - Crim Law,0,,1900-01-01 00:00:00.0000000
2362,9,6/06 - Q2 - Contr Req UCC,0,,1900-01-01 00:00:00.0000000
2363,9,6/06 - Q1 - Tort Neg Per Se,0,,1900-01-01 00:00:00.0000000
2364,9,2/06 - Q6 - Crimes,0,,1900-01-01 00:00:00.0000000
2365,9,2/06 - Q5 - Contracts & PR,0,,1900-01-01 00:00:00.0000000
2366,9,2/06 - Q4 - Fed Civ Pro,0,,1900-01-01 00:00:00.0000000
2367,9,2/06 - Q3 - Real Prop,0,,1900-01-01 00:00:00.0000000
2368,9,2/06 - Q2 - Wills,0,,1900-01-01 00:00:00.0000000
2369,9,2/06 - Q1 - Torts SPL,0,,1900-01-01 00:00:00.0000000
2370,9,10/05 - Q4 - Contract UCC,0,,1900-01-01 00:00:00.0000000
2371,9,10/05 - Q3 - Tort Negl,0,,1900-01-01 00:00:00.0000000
2372,9,10/05 - Q2 - Crim Theft,0,,1900-01-01 00:00:00.0000000
2373,9,10/05 - Q1 - Contract CL,0,,1900-01-01 00:00:00.0000000
2374,9,7/05 - Q6 - Prof Resp Sex,0,,1900-01-01 00:00:00.0000000
2375,9,7/05 - Q5 - Prop Rem,0,,1900-01-01 00:00:00.0000000
2376,9,7/05 - Q4 - Fed Evidence,0,,1900-01-01 00:00:00.0000000
2377,9,7/05 - Q3 - BA & PR,0,,1900-01-01 00:00:00.0000000
2378,9,7/05 - Q2 - Real Prop,0,,1900-01-01 00:00:00.0000000
2379,9,7/05 - Q1 - Comm Prop,0,,1900-01-01 00:00:00.0000000
2380,9,6/05 - Q4 - Contract UCC,0,,1900-01-01 00:00:00.0000000
2381,9,6/05 - Q3 - Tort Negl,0,,1900-01-01 00:00:00.0000000
2382,9,6/05 - Q2 - Contract UCC,0,,1900-01-01 00:00:00.0000000
2383,9,6/05 - Q1 - Crim Law,0,,1900-01-01 00:00:00.0000000
2384,9,2/05 - Q6 - Trusts,0,,1900-01-01 00:00:00.0000000
2385,9,2/05 - Q5 - Real Prop,0,,1900-01-01 00:00:00.0000000
2386,9,2/05 - Q4 - PR & Fed Ev,0,,1900-01-01 00:00:00.0000000
2387,9,2/05 - Q3 - Bus Assoc,0,,1900-01-01 00:00:00.0000000
2388,9,2/05 - Q2 - Contracts UCC,0,,1900-01-01 00:00:00.0000000
2389,9,2/05 - Q1 - Con Law ICC,0,,1900-01-01 00:00:00.0000000
2390,9,10/04 - Q4 - Crim Law,0,,1900-01-01 00:00:00.0000000
2391,9,10/04 - Q3 - Tort Neg Misrep,0,,1900-01-01 00:00:00.0000000
2392,9,10/04 - Q2 - Contract UCC,0,,1900-01-01 00:00:00.0000000
2393,9,10/04 - Q1 - Crim Justify,0,,1900-01-01 00:00:00.0000000
2394,9,7/04 - Q6 - Torts Law Mal,0,,1900-01-01 00:00:00.0000000
2395,9,7/04 - Q5 - Prof Resp,0,,1900-01-01 00:00:00.0000000
2396,9,7/04 - Q4 - Fed Evidence,0,,1900-01-01 00:00:00.0000000
2397,9,7/04 - Q3 - Wills,0,,1900-01-01 00:00:00.0000000
2398,9,7/04 - Q2 - Con Law,0,,1900-01-01 00:00:00.0000000
2399,9,7/04 - Q1 - Crimes,0,,1900-01-01 00:00:00.0000000
2400,9,6/04 - Q4 - Tort Negl,0,,1900-01-01 00:00:00.0000000
2401,9,6/04 - Q3 - Crim Law,0,,1900-01-01 00:00:00.0000000
2402,9,6/04 - Q2 - Contract UCC,0,,1900-01-01 00:00:00.0000000
2403,9,6/04 - Q1 - Tort Negl,0,,1900-01-01 00:00:00.0000000
2404,9,2/04 - Q6 - Fed Civ Pro,0,,1900-01-01 00:00:00.0000000
2405,9,2/04 - Q5 - Con Law ICC,0,,1900-01-01 00:00:00.0000000
2406,9,2/04 - Q4 - Prop L/T,0,,1900-01-01 00:00:00.0000000
2407,9,2/04 - Q3 - Prof Resp,0,,1900-01-01 00:00:00.0000000
2408,9,2/04 - Q2 - Comm Prop,0,,1900-01-01 00:00:00.0000000
2409,9,2/04 - Q1 - Crim Pro,0,,1900-01-01 00:00:00.0000000
2410,9,10/03 - Q4 - Tort Negl,0,,1900-01-01 00:00:00.0000000
2411,9,10/03 - Q3 - Contract UCC,0,,1900-01-01 00:00:00.0000000
2412,9,10/03 - Q2 - Crim Law Omission,0,,1900-01-01 00:00:00.0000000
2413,9,10/03 - Q1 - Contract CL,0,,1900-01-01 00:00:00.0000000
2414,9,7/03 - Q6 - Wills,0,,1900-01-01 00:00:00.0000000
2415,9,7/03 - Q5 - Prof Resp,0,,1900-01-01 00:00:00.0000000
2416,9,7/03 - Q4 - Priv Torts,0,,1900-01-01 00:00:00.0000000
2417,9,7/03 - Q3 - Fed Evidence,0,,1900-01-01 00:00:00.0000000
2418,9,7/03 - Q2 - Remedies,0,,1900-01-01 00:00:00.0000000
2419,9,7/03 - Q1 - BA SEC,0,,1900-01-01 00:00:00.0000000
2420,9,6/03 - Q4 - Contract UCC,0,,1900-01-01 00:00:00.0000000
2421,9,6/03 - Q3 - Tort Negl,0,,1900-01-01 00:00:00.0000000
2422,9,6/03 - Q2 - Crim Xfer Int,0,,1900-01-01 00:00:00.0000000
2423,9,6/03 - Q1 - Contr UCC & CL,0,,1900-01-01 00:00:00.0000000
2424,9,2/03 - Q6 - Comm Prop,0,,1900-01-01 00:00:00.0000000
2425,9,2/03 - Q5 - Con Law,0,,1900-01-01 00:00:00.0000000
2426,9,2/03 - Q4 - Prof Resp,0,,1900-01-01 00:00:00.0000000
2427,9,2/03 - Q3 - Crimes & Fed Ev,0,,1900-01-01 00:00:00.0000000
2428,9,2/03 - Q2 - Real Prop,0,,1900-01-01 00:00:00.0000000
2429,9,2/03 - Q1 - Fed Civ Pro,0,,1900-01-01 00:00:00.0000000
2430,9,10/02 - Q4 - Tort Anim,0,,1900-01-01 00:00:00.0000000
2431,9,10/02 - Q3 - Contract CL,0,,1900-01-01 00:00:00.0000000
2432,9,10/02 - Q2 - Crim Insanity,0,,1900-01-01 00:00:00.0000000
2433,9,10/02 - Q1 - Contract UCC,0,,1900-01-01 00:00:00.0000000
2434,9,7/02 - Q6 - Comm Prop,0,,1900-01-01 00:00:00.0000000
2435,9,7/02 - Q5 - Torts SPL,0,,1900-01-01 00:00:00.0000000
2436,9,7/02 - Q4 - Contracts,0,,1900-01-01 00:00:00.0000000
2437,9,7/02 - Q3 - Prof Resp,0,,1900-01-01 00:00:00.0000000
2438,9,7/02 - Q2 - Real Prop,0,,1900-01-01 00:00:00.0000000
2439,9,7/02 - Q1 - Comm Prop & Wills,0,,1900-01-01 00:00:00.0000000
2440,9,6/02 - Q4 - Torts,0,,1900-01-01 00:00:00.0000000
2441,9,6/02 - Q3 - Crim Skeletal!,0,,1900-01-01 00:00:00.0000000
2442,9,6/02 - Q2 - Contract UCC,0,,1900-01-01 00:00:00.0000000
2443,9,6/02 - Q1 - Crim Law,0,,1900-01-01 00:00:00.0000000
2444,9,2/02 - Q6 - Fed Evidence,0,,1900-01-01 00:00:00.0000000
2445,9,2/02 - Q5 - Con Law Religion,0,,1900-01-01 00:00:00.0000000
2446,9,2/02 - Q4 - Trusts & PR,0,,1900-01-01 00:00:00.0000000
2447,9,2/02 - Q3 - BA SEC,0,,1900-01-01 00:00:00.0000000
2448,9,2/02 - Q2 - Contract Rem UCC,0,,1900-01-01 00:00:00.0000000
2449,9,2/02 - Q1 - Fed Civ Pro,0,,1900-01-01 00:00:00.0000000
2450,9,7/01 - Q6 - Wills & Trusts,0,,1900-01-01 00:00:00.0000000
2451,9,7/01 - Q5 - Torts & PR,0,,1900-01-01 00:00:00.0000000
2452,9,7/01 - Q4 - Con Law Rel,0,,1900-01-01 00:00:00.0000000
2453,9,7/01 - Q3 - Fed Evidence,0,,1900-01-01 00:00:00.0000000
2454,9,7/01 - Q2 - Real Prop,0,,1900-01-01 00:00:00.0000000
2455,9,7/01 - Q1 - Fed Civ Pro,0,,1900-01-01 00:00:00.0000000
2456,9,2/01 - Q6 - Contracts,0,,1900-01-01 00:00:00.0000000
2457,9,2/01 - Q5 - Prof Resp,0,,1900-01-01 00:00:00.0000000
2458,9,2/01 - Q4 - Remedies,0,,1900-01-01 00:00:00.0000000
2459,9,2/01 - Q3 - Crim Pro,0,,1900-01-01 00:00:00.0000000
2460,9,2/01 - Q2 - Bus Assoc,0,,1900-01-01 00:00:00.0000000
2461,9,2/01 - Q1 - Comm Prop,0,,1900-01-01 00:00:00.0000000
2462,9,7/00 - Q6 - Torts,0,,1900-01-01 00:00:00.0000000
2463,9,7/00 - Q5 - Fed Civ Pro,0,,1900-01-01 00:00:00.0000000
2464,9,7/00 - Q4 - Con Law,0,,1900-01-01 00:00:00.0000000
2465,9,7/00 - Q3 - Trusts,0,,1900-01-01 00:00:00.0000000
2466,9,7/00 - Q2 - Real Prop,0,,1900-01-01 00:00:00.0000000
2467,9,7/00 - Q1 - Fed Evidence,0,,1900-01-01 00:00:00.0000000
2468,9,2/00 - Q6 - Fed Ev & Crim Pro,0,,1900-01-01 00:00:00.0000000
2469,9,2/00 - Q5 - Contracts UCC,0,,1900-01-01 00:00:00.0000000
2470,9,2/00 - Q4 - Wills,0,,1900-01-01 00:00:00.0000000
2471,9,2/00 - Q3 - Torts & PR,0,,1900-01-01 00:00:00.0000000
2472,9,2/00 - Q2 - Tort Rem,0,,1900-01-01 00:00:00.0000000
2473,9,2/00 - Q1 - Comm Prop,0,,1900-01-01 00:00:00.0000000
2474,9,7/99 - Q6 - BA SEC,0,,1900-01-01 00:00:00.0000000
2475,9,7/99 - Q5 - Prop L/T,0,,1900-01-01 00:00:00.0000000
2476,9,7/99 - Q4 - Fed Evidence,0,,1900-01-01 00:00:00.0000000
2477,9,7/99 - Q3 - Contracts,0,,1900-01-01 00:00:00.0000000
2478,9,7/99 - Q2 - Fed Civ Pro,0,,1900-01-01 00:00:00.0000000
2479,9,7/99 - Q1 - Crim Law,0,,1900-01-01 00:00:00.0000000
2480,9,6/99 - Q4 - Tort Negl,0,,1900-01-01 00:00:00.0000000
2481,9,6/99 - Q3 - Crim Law,0,,1900-01-01 00:00:00.0000000
2482,9,6/99 - Q2 - Contract,0,,1900-01-01 00:00:00.0000000
2483,9,6/99 - Q1 - Tort,0,,1900-01-01 00:00:00.0000000
2484,9,2/99 - Q6 - Fed Civ Pro,0,,1900-01-01 00:00:00.0000000
2485,9,2/99 - Q5 - Contracts UCC,0,,1900-01-01 00:00:00.0000000
2486,9,2/99 - Q4 - BA & PR,0,,1900-01-01 00:00:00.0000000
2487,9,2/99 - Q3 - Comm Prop,0,,1900-01-01 00:00:00.0000000
2488,9,2/99 - Q2 - Crim Pro,0,,1900-01-01 00:00:00.0000000
2489,9,2/99 - Q1 - Wills & Trusts,0,,1900-01-01 00:00:00.0000000
2490,9,7/98 - Q6 - Fed Evi,0,,1900-01-01 00:00:00.0000000
2491,9,7/98 - Q5 - BA Corp Raid,0,,1900-01-01 00:00:00.0000000
2492,9,7/98 - Q4 - Tort Ab Dang,0,,1900-01-01 00:00:00.0000000
2493,9,7/98 - Q3 - Corp Prof Resp,0,,1900-01-01 00:00:00.0000000
2494,9,7/98 - Q2 - Fed Civ Pro,0,,1900-01-01 00:00:00.0000000
2495,9,7/98 - Q1 - Comm Prop,0,,1900-01-01 00:00:00.0000000
2496,9,2/98 - Q6 - Wills Interlin,0,,1900-01-01 00:00:00.0000000
2497,9,2/98 - Q5 - Tort & ConLaw Rem,0,,1900-01-01 00:00:00.0000000
2498,9,2/98 - Q4 - RP & PR,0,,1900-01-01 00:00:00.0000000
2499,9,2/98 - Q3 - Fed Ev,0,,1900-01-01 00:00:00.0000000
2500,9,2/98 - Q2 - Con Press & Speech,0,,1900-01-01 00:00:00.0000000
2501,9,2/98 - Q1 - Contr & Tort Interf,0,,1900-01-01 00:00:00.0000000
2502,9,7/97 - Q6 - Crim Law,0,,1900-01-01 00:00:00.0000000
2503,9,7/97 - Q5 - Corp Stocks,0,,1900-01-01 00:00:00.0000000
2504,9,7/97 - Q4 - Civ Pro,0,,1900-01-01 00:00:00.0000000
2505,9,7/97 - Q3 - Prof Resp,0,,1900-01-01 00:00:00.0000000
2506,9,7/97 - Q2 - Con Law,0,,1900-01-01 00:00:00.0000000
2507,9,7/97 - Q1 - Evidence,0,,1900-01-01 00:00:00.0000000
2508,9,2/97 - Q6 - Comm Prop,0,,1900-01-01 00:00:00.0000000
2509,9,2/97 - Q5 - Prof Resp,0,,1900-01-01 00:00:00.0000000
2510,9,2/97 - Q4 - Real Prop,0,,1900-01-01 00:00:00.0000000
2511,9,2/97 - Q3 - Prop Rem,0,,1900-01-01 00:00:00.0000000
2512,9,2/97 - Q2 - Corp Insp SEC,0,,1900-01-01 00:00:00.0000000
2513,9,2/97 - Q1 - Tort,0,,1900-01-01 00:00:00.0000000
2514,9,7/96 - Q6 - Wills,0,,1900-01-01 00:00:00.0000000
2515,9,7/96 - Q5 - ,0,,1900-01-01 00:00:00.0000000
2516,9,7/96 - Q4 - ,0,,1900-01-01 00:00:00.0000000
2517,9,7/96 - Q3 - ,0,,1900-01-01 00:00:00.0000000
2518,9,7/96 - Q2 - ,0,,1900-01-01 00:00:00.0000000
2519,9,7/96 - Q1 - ,0,,1900-01-01 00:00:00.0000000
11001,10,1 - BED 5-Layer PTs,1,https://sanny-do.wistia.com/medias/cobtu9yql2,1900-01-01 00:00:00.0000000
11002,10,2 - 5-Layer Epiphany!,1,https://youtu.be/ZAc4B2GH5og,1900-01-01 00:00:00.0000000
11003,10,3 - Brianna Headers Video,1,https://youtu.be/JjsA9krYwrc,1900-01-01 00:00:00.0000000
14993,10,Feb 21 PT PDF,1,http://www.calbar.ca.gov/Portals/0/documents/admissions/Examinations/February-2021-CBX-PT-and-Selected-Answers.pdf,1900-01-01 00:00:00.0000000
14994,10,Feb 21 PT Video,1,https://youtu.be/_r6JgAntYk8,1900-01-01 00:00:00.0000000
14995,10,Feb 21 PT Drill,0,,1900-01-01 00:00:00.0000000
14996,10,Oct 20 PT PDF,1,http://www.calbar.ca.gov/Portals/0/documents/admissions/Examinations/October-2020-PT-Selected-Answers.pdf,1900-01-01 00:00:00.0000000
14997,10,Oct 20 PT Video,1,https://youtu.be/Oz58nw53l1A,1900-01-01 00:00:00.0000000
14998,10,Oct 20 PT Drill,0,,1900-01-01 00:00:00.0000000
14999,10,Feb 20 PT PDF,1,http://www.calbar.ca.gov/Portals/0/documents/admissions/Examinations/February-2020-PT-Selected-Answers.pdf,1900-01-01 00:00:00.0000000
15000,10,Feb 20 PT Video,1,https://youtu.be/SfnVSI1cV80,1900-01-01 00:00:00.0000000
15001,10,Feb 20 PT Drill,0,,1900-01-01 00:00:00.0000000
15002,10,Jul 19 PT PDF,1,http://www.calbar.ca.gov/Portals/0/documents/admissions/July-2019-Performance-Test-Selected-Answers.pdf,1900-01-01 00:00:00.0000000
15003,10,Jul 19 PT Video,1,https://youtu.be/qjYPKw1lH_A,1900-01-01 00:00:00.0000000
15004,10,Jul 19 PT Drill,0,,1900-01-01 00:00:00.0000000
15005,10,Feb 19 PT PDF,1,http://www.calbar.ca.gov/Portals/0/documents/admissions/Examinations/Feb2019_CBX_Selected_Answers_PT_R.pdf,1900-01-01 00:00:00.0000000
15006,10,Feb 19 PT Video,1,https://youtu.be/LYjI3JVPWOQ,1900-01-01 00:00:00.0000000
15007,10,Feb 19 PT Drill,0,,1900-01-01 00:00:00.0000000
15008,10,Jul 18 PT PDF,1,http://www.calbar.ca.gov/Portals/0/documents/admissions/Question-and-Answers.pdf,1900-01-01 00:00:00.0000000
15009,10,Jul 18 PT Video,1,https://youtu.be/ZlyLQXhqKuw,1900-01-01 00:00:00.0000000
15010,10,Jul 18 PT Drill,0,,1900-01-01 00:00:00.0000000
15011,10,Feb 18 PT PDF,1,http://www.calbar.ca.gov/Portals/0/documents/admissions/Examinations/Feb2018_CBXSelectedAnswers.pdf,1900-01-01 00:00:00.0000000
15012,10,Feb 18 PT Video,1,https://youtu.be/gUETsptr0_w,1900-01-01 00:00:00.0000000
15013,10,Feb 18 PT Drill,0,,1900-01-01 00:00:00.0000000
15014,10,Jul 17 PT PDF,1,http://www.calbar.ca.gov/Portals/0/documents/admissions/Examinations/Jul2017_CBXSelectedAnswers_PT.pdf,1900-01-01 00:00:00.0000000
15015,10,Jul 17 PT Video,1,https://youtu.be/cG6_bvt6j2Q,1900-01-01 00:00:00.0000000
15016,10,Jul 17 PT Drill,0,,1900-01-01 00:00:00.0000000
